AMJ,
MAR,
NOV,
SUN,
A,
AA,
AABA,
AAL,
AAOI,
AAP,
AAPL,
ABB,
ABBV,
ABMD,
ABT,
ACAD,
ACB,
ACN,
ADBE,
ADI,
ADM,
ADP,
ADS,
ADSK,
AEM,
AEO,
AEP,
AER,
AES,
AFL,
AFTY,
AGCO,
AGG,
AGN,
AGNC,
AGO,
AGQ,
AIG,
AIMC,
AKAM,
ALB,
ALGN,
ALK,
ALL,
ALLE,
ALLY,
ALNY,
ALRM,
ALXN,
AMAT,
AMBA,
AMC,
AMD,
AMED,
AMG,
AMGN,
AMLP,
AMP,
AMRN,
AMT,
AMTD,
AMZN,
AN,
ANDX,
ANET,
ANF,
ANSS,
ANTM,
AOBC,
AON,
APA,
APC,
APD,
APHA,
APO,
APTV,
ARCC,
ARE,
ARNC,
ARRY,
ARW,
ARWR,
ASHR,
ASHS,
ASML,
ASND,
ATHM,
ATUS,
ATVI,
AVAV,
AVB,
AVGO,
AVY,
AWK,
AXP,
AXTA,
AYI,
AYX,
AZN,
BA,
BABA,
BAC,
BAX,
BB,
BBBY,
BBD,
BBT,
BBY,
BDX,
BEAT,
BERY,
BG,
BHC,
BHGE,
BHP,
BID,
BIDU,
BIIB,
BK,
BKE,
BKNG,
BLK,
BLL,
BLUE,
BMO,
BMY,
BOIL,
BOX,
BP,
BPL,
BR,
BRK_B,
BRZU,
BSX,
BUD,
BURL,
BVN,
BWA,
BX,
BYD,
C,
CAG,
CAH,
CAR,
CASY,
CAT,
CB,
CBOE,
CBPO,
CBRL,
CBS,
CCI,
CCJ,
CCK,
CCL,
CDW,
CE,
CELG,
CEO,
CERN,
CF,
CGC,
CHAU,
CHD,
CHKP,
CHL,
CHRW,
CHTR,
CI,
CIEN,
CIM,
CIT,
CL,
CLB,
CLF,
CLR,
CLVS,
CLX,
CM,
CMA,
CMCSA,
CME,
CMG,
CMI,
CMP,
CNC,
CNQ,
COF,
COG,
CONN,
COP,
CORT,
COST,
COTY,
COUP,
CP,
CPB,
CQP,
CRC,
CREE,
CRI,
CRL,
CRM,
CRON,
CROX,
CRSP,
CRUS,
CSCO,
CSIQ,
CSX,
CTAS,
CTL,
CTRP,
CTSH,
CTXS,
CUB,
CVNA,
CVS,
CVX,
CXO,
CXW,
CY,
CYBR,
CZR,
D,
DAL,
DAN,
DATA,
DBX,
DDD,
DDM,
DE,
DECK,
DELL,
DEO,
DFS,
DG,
DGX,
DHI,
DHR,
DIA,
DIN,
DIS,
DISH,
DJX,
DKS,
DLR,
DLTR,
DNKN,
DOCU,
DOX,
DPZ,
DRI,
DTE,
DUK,
DUST,
DVN,
DVY,
DWDP,
DXC,
DXCM,
DXJ,
EA,
EBAY,
ECL,
ED,
EDU,
EEFT,
EEM,
EFA,
EFX,
EIX,
EL,
ELAN,
ELLI,
ELY,
EMB,
EMN,
EMR,
ENDP,
EOG,
EPD,
EPI,
EQIX,
EQR,
EQT,
ERX,
ESS,
ET,
ETFC,
ETN,
ETR,
EW,
EWC,
EWG,
EWH,
EWJ,
EWT,
EWW,
EWY,
EWZ,
EXAS,
EXC,
EXEL,
EXPE,
EXR,
F,
FANG,
FAS,
FAST,
FB,
FBHS,
FBP,
FCAU,
FCN,
FCX,
FDC,
FDN,
FDS,
FDX,
FE,
FEYE,
FEZ,
FFIV,
FIS,
FISV,
FITB,
FIVE,
FL,
FLR,
FLT,
FND,
FNSR,
FNV,
FOLD,
FOSL,
FOXA,
FRC,
FSLR,
FTI,
FTNT,
FTV,
FXA,
FXB,
FXC,
FXE,
FXH,
FXI,
FXY,
GD,
GDDY,
GDX,
GDXJ,
GE,
GES,
GG,
GHDX,
GILD,
GIS,
GKOS,
GLD,
GLW,
GM,
GME,
GMED,
GNRC,
GOLD,
GOOG,
GOOGL,
GOOS,
GPN,
GPOR,
GPRE,
GPRO,
GPS,
GRA,
GRMN,
GRUB,
GS,
GSK,
GT,
GTLS,
GWPH,
GWRE,
GWW,
HA,
HACK,
HAL,
HALO,
HAS,
HBAN,
HBI,
HCA,
HD,
HDB,
HDS,
HES,
HFC,
HGV,
HIG,
HIIQ,
HLF,
HLT,
HOG,
HOLX,
HON,
HP,
HPE,
HPQ,
HPT,
HQY,
HRB,
HRC,
HRL,
HSBC,
HSIC,
HST,
HSY,
HTZ,
HUBS,
HUN,
HUYA,
HXL,
HYG,
HZNP,
I,
IAC,
IAU,
IBB,
IBM,
ICE,
ICPT,
IDCC,
IEF,
IEMG,
IEP,
IFF,
IGT,
IGV,
ILMN,
IMAX,
IMMU,
INCY,
INDA,
INGN,
INSM,
INSP,
INTC,
INTU,
IP,
IPG,
IPGP,
IQ,
IQV,
IR,
IRBT,
IRDM,
IRM,
IRTC,
ISRG,
IT,
ITB,
ITGR,
ITW,
IVV,
IVZ,
IWF,
IWM,
IYR,
IYT,
JACK,
JAZZ,
JBL,
JBLU,
JBT,
JCI,
JD,
JEC,
JKS,
JNJ,
JNK,
JNPR,
JNUG,
JO,
JPM,
JWN,
K,
KBE,
KBH,
KBR,
KDP,
KEM,
KEY,
KEYS,
KHC,
KKR,
KLAC,
KMB,
KMI,
KMX,
KO,
KR,
KRE,
KSS,
KSU,
KWEB,
LABD,
LABU,
LAD,
LANC,
LAZ,
LB,
LEA,
LEN,
LGND,
LH,
LHCG,
LIN,
LITE,
LIVN,
LKQ,
LL,
LLY,
LMT,
LNC,
LNG,
LOGI,
LOGM,
LOPE,
LOW,
LPX,
LQD,
LRCX,
LSTR,
LULU,
LUV,
LVS,
LYB,
LYV,
M,
MA,
MAA,
MAN,
MAS,
MASI,
MAT,
MBI,
MCD,
MCHI,
MCHP,
MCK,
MDB,
MDLZ,
MDT,
MDY,
MED,
MELI,
MET,
MFC,
MGA,
MGM,
MHK,
MIC,
MIDD,
MJ,
MKC,
MLCO,
MLM,
MLNX,
MMC,
MMM,
MMP,
MNK,
MNRO,
MNST,
MO,
MOH,
MOMO,
MOS,
MOV,
MPC,
MPLX,
MPWR,
MRK,
MRO,
MRVL,
MS,
MSFT,
MSI,
MT,
MTB,
MTCH,
MTG,
MTH,
MTN,
MTW,
MTZ,
MU,
MYL,
NAV,
NCLH,
NCR,
NDAQ,
NDSN,
NDX,
NEE,
NEM,
NEWR,
NFLX,
NKE,
NLSN,
NOC,
NOW,
NRG,
NRZ,
NSC,
NTAP,
NTES,
NTGR,
NTNX,
NTR,
NUAN,
NUE,
NUGT,
NVCR,
NVDA,
NVO,
NVS,
NWL,
NXPI,
NXST,
NYT,
O,
OC,
OEX,
OHI,
OIH,
OKE,
OKTA,
OLED,
OLN,
OMC,
OMCL,
OMER,
ON,
ONCE,
ORCL,
ORLY,
OSTK,
OXY,
PAA,
PAAS,
PANW,
PAYC,
PAYX,
PBCT,
PBR,
PCAR,
PCG,
PDCO,
PEN,
PEP,
PFE,
PFPT,
PG,
PGR,
PH,
PHM,
PII,
PKG,
PKI,
PLCE,
PLD,
PLNT,
PM,
PNC,
PODD,
POOL,
POST,
PPC,
PPG,
PPL,
PRAH,
PRGO,
PRTA,
PRU,
PSA,
PSX,
PTC,
PVH,
PVTL,
PWR,
PXD,
PYPL,
PZZA,
QCOM,
QID,
QLD,
QLYS,
QQQ,
QRVO,
RACE,
RCII,
RCL,
RDFN,
RDS_A,
RDS_B,
RDWR,
REGN,
REM,
RF,
RGLD,
RH,
RHT,
RIG,
RIO,
RJF,
RL,
RMD,
RNG,
ROK,
ROKU,
ROP,
ROST,
RRC,
RS,
RSP,
RSX,
RTN,
RUN,
RUT,
RY,
SAM,
SAP,
SAVE,
SBAC,
SBGI,
SBNY,
SBUX,
SCCO,
SCHW,
SCO,
SDS,
SEAS,
SEDG,
SEE,
SFIX,
SFLY,
SGEN,
SGMS,
SGOL,
SH,
SHAK,
SHLX,
SHOP,
SIG,
SINA,
SIVB,
SIX,
SJM,
SKT,
SKX,
SLAB,
SLB,
SLG,
SLV,
SMG,
SMH,
SNA,
SNAP,
SNBR,
SNE,
SNPS,
SNV,
SNX,
SNY,
SO,
SOXL,
SOXX,
SPG,
SPGI,
SPLK,
SPOT,
SPR,
SPX,
SPXL,
SPXS,
SPXU,
SPY,
SQ,
SQM,
SQQQ,
SRG,
SRPT,
SSNC,
SSO,
STAA,
STI,
STLD,
STMP,
STT,
STX,
STZ,
SU,
SUPN,
SVXY,
SWK,
SWKS,
SYF,
SYK,
SYMC,
SYNA,
T,
TAL,
TAP,
TBT,
TD,
TDG,
TEAM,
TECD,
TECK,
TECL,
TECS,
TEN,
TER,
TEVA,
TEX,
TGT,
TIF,
TIP,
TJX,
TKR,
TLRY,
TLT,
TMO,
TMUS,
TMV,
TNA,
TNDM,
TOL,
TOT,
TPR,
TPX,
TQQQ,
TREX,
TRGP,
TRIP,
TROW,
TROX,
TRV,
TSCO,
TSEM,
TSLA,
TSM,
TSN,
TSS,
TTD,
TTM,
TTWO,
TWLO,
TWM,
TWO,
TWTR,
TXN,
TXRH,
TZA,
UA,
UAA,
UAL,
UBNT,
UCO,
UDOW,
UL,
ULTA,
UN,
UNG,
UNH,
UNP,
UPRO,
UPS,
URBN,
URI,
USB,
USCR,
USO,
UTX,
UUP,
UVXY,
UYG,
V,
VAC,
VALE,
VAR,
VC,
VEA,
VEEV,
VFC,
VGK,
VIAB,
VIIX,
VIXY,
VLO,
VMC,
VMW,
VNDA,
VNOM,
VNQ,
VOD,
VRSK,
VRSN,
VRTX,
VSM,
VT,
VTI,
VTR,
VWO,
VXXB,
VZ,
W,
WAB,
WAT,
WB,
WBA,
WBC,
WCG,
WDAY,
WDC,
WELL,
WFC,
WHR,
WING,
WIX,
WLL,
WM,
WMB,
WMT,
WP,
WPM,
WRK,
WSM,
WST,
WTW,
WU,
WWE,
WY,
WYNN,
X,
XAU,
XBI,
XEC,
XENT,
XEO,
XHB,
XLB,
XLC,
XLE,
XLF,
XLI,
XLK,
XLNX,
XLP,
XLRE,
XLU,
XLV,
XLY,
XME,
XOM,
XOP,
XPER,
XPO,
XRAY,
XRT,
XRX,
XSP,
YELP,
YINN,
YNDX,
YPF,
YUM,
YUMC,
YY,
Z,
ZAYO,
ZBH,
ZBRA,
ZEN,
ZION,
ZS,
ZTO,
ZTS,